fullname|email|phone|city|salary|sdate
Cruz Silva|lacinia.orci.consectetuer@mattis.edu|(235) 267-0721|Kallo|5,478|05/12/2021 03:02:34
Andrew Wiley|sed.pede.nec@nunc.co.uk|(940) 499-1072|Pazarcık|8,284|12/07/2020 04:52:46
John Mooney|porttitor.vulputate@Inlorem.org|(764) 674-2282|Aurora|7,682|28/08/2021 02:58:48
Ethan Mcclure|nec.malesuada.ut@arcuNunc.co.uk|(496) 320-7547|Waitakere|6,277|27/02/2021 12:40:15
Henry Hamilton|nisi.Cum.sociis@duiFuscediam.edu|(137) 310-0090|Chełm|5,905|03/09/2021 06:33:41
Keaton Vincent|non@non.org|(304) 519-0543|Friedrichsdorf|7,599|05/01/2020 02:16:58
Gray Chandler|sapien.Cras@orci.org|(637) 777-6021|Longueville|6,443|23/07/2021 01:14:59
Armand Rogers|litora@volutpatNulla.com|(209) 563-4228|Gifhorn|6,852|12/03/2021 12:00:44
Marsden West|nascetur.ridiculus.mus@aliquetlibero.ca|(701) 399-9337|Te Puke|5,293|24/05/2021 11:01:05
Lane Vinson|ac.arcu.Nunc@malesuadafringillaest.net|(441) 949-3778|Neu-Isenburg|7,505|02/04/2021 02:49:59
Nigel Sweet|montes@incursuset.co.uk|(271) 814-2031|Illkirch-Graffenstaden|9,283|22/05/2021 06:47:20
Martin Fowler|Duis@lorem.net|(729) 766-6918|Laives/Leifers|9,358|28/05/2020 01:56:15
Allistair Simon|velit@pedenonummyut.com|(198) 619-0917|Bengkulu|6,078|28/07/2020 03:44:10
Aristotle Armstrong|dui.Fusce@antedictum.edu|(938) 499-0972|Villa Cortese|6,548|23/11/2020 04:29:31
Vladimir Ballard|aliquam@Inornaresagittis.co.uk|(665) 461-2854|Heredia|5,885|29/08/2021 12:27:48
Wing Bell|lacus@sociis.ca|(718) 232-1943|Viranşehir|5,453|24/12/2020 07:55:22
Joseph Perry|commodo.ipsum.Suspendisse@nunc.edu|(536) 597-7677|Yeongcheon|6,430|10/02/2020 03:11:00
Kasper Vaughan|molestie.pharetra@Fuscealiquetmagna.edu|(481) 866-0714|Orangeville|6,135|02/04/2021 07:36:42
Dale Conway|sed.libero.Proin@necurnasuscipit.org|(454) 786-7780|Ruvo del Monte|7,477|15/06/2021 03:26:31
Colin Collins|est@eratneque.org|(228) 437-5466|Les Bons Villers|5,754|12/04/2021 04:07:08
Elmo Vazquez|velit.in@etipsumcursus.co.uk|(666) 756-8809|Tuktoyaktuk|5,726|14/05/2020 04:20:10
Daniel Harrell|et.ultrices@lacusAliquamrutrum.com|(441) 603-7993|Serrungarina|6,684|21/02/2021 11:25:28
Abraham Boyd|placerat@Nulla.com|(442) 897-7658|Harbour Grace|8,286|06/05/2020 03:26:50
Isaiah Olson|nulla.ante.iaculis@et.edu|(310) 630-0258|Paço do Lumiar|5,619|19/10/2021 01:44:25
Gage Rich|id.enim@urnaVivamusmolestie.ca|(224) 842-6021|Surazh|7,960|05/10/2020 06:02:49
Zephania Kim|diam@facilisisvitae.edu|(383) 334-9602|Valleyview|8,179|23/05/2021 06:03:09
Cairo Aguirre|aliquam@Namconsequatdolor.org|(400) 176-0024|Naperville|8,901|30/04/2021 11:58:06
Herman Medina|nec@luctus.edu|(625) 243-0181|Placanica|5,974|15/09/2021 01:23:58
Beau Donovan|eu@velfaucibusid.edu|(642) 444-5684|Cobquecura|5,025|25/06/2020 03:20:08
Jakeem Baldwin|ornare@sedsemegestas.org|(375) 728-3138|Patos|7,822|25/12/2020 09:25:26
Stewart Mcfarland|faucibus.ut.nulla@venenatis.co.uk|(317) 763-6519|Whitehorse|7,406|04/07/2020 05:51:36
Benedict Buchanan|neque@Integervulputaterisus.edu|(479) 492-5819|Upplands Väsby|6,911|18/10/2021 06:20:15
Ian Burt|morbi@velitQuisque.edu|(492) 731-7525|Casalbuono|9,078|31/08/2021 01:17:20
Camden Davidson|eu.dui.Cum@feugiatnecdiam.edu|(301) 784-7076|Heikruis|5,133|20/01/2021 08:17:00
Malcolm Graham|elit@atvelitPellentesque.com|(513) 882-3470|San Jose|8,782|15/05/2021 11:54:39
Hoyt Lang|interdum.ligula@turpis.org|(894) 973-1626|Oppido Mamertina|6,511|07/12/2020 05:24:25
Kenneth Santos|mi.pede@antelectusconvallis.org|(161) 224-6672|La Roche-sur-Yon|5,383|09/03/2021 12:54:15
Evan Moses|justo.Proin@molestiein.edu|(848) 828-2387|Moncrivello|7,467|17/05/2020 04:32:16
Daquan Gilbert|cursus.vestibulum@faucibus.co.uk|(586) 508-3024|Banff|5,667|18/12/2021 11:46:03
Hunter Blair|Quisque.ornare.tortor@sapien.edu|(137) 642-2546|Bochum|5,029|15/11/2021 09:38:19
Merrill Ryan|quis.urna@eu.ca|(817) 579-4509|Raymond|5,450|24/05/2020 11:06:38
Travis Finch|vel.convallis.in@imperdiet.co.uk|(666) 526-2950|Wambeek|6,091|30/12/2020 05:08:22
Levi Rivera|magna.Phasellus@auguemalesuada.net|(758) 804-2979|Torella del Sannio|6,764|29/09/2021 08:38:27
Nathaniel Carlson|eget.ipsum.Donec@anteMaecenasmi.ca|(599) 684-6457|Germersheim|5,643|24/09/2021 03:44:08
Nathaniel Goodwin|quam.a@consequatpurus.ca|(104) 156-3621|Leerbeek|5,301|07/02/2020 06:31:13
Francis Foreman|parturient.montes.nascetur@nequenon.net|(725) 360-8424|Glovertown|6,921|20/01/2020 05:28:52
Colorado Small|risus.odio@vitaeorci.org|(424) 890-3109|Eastbourne|8,760|11/06/2021 02:54:04
Lamar Mckinney|dui.Fusce@nonarcuVivamus.ca|(829) 708-3958|Thurso|8,167|27/07/2020 12:49:16
Lee Hogan|nec.enim.Nunc@leoinlobortis.edu|(338) 635-9859|Bryansk|9,161|14/04/2021 03:09:22
Quentin Blanchard|molestie.pharetra@mus.edu|(651) 915-7792|Pretoro|6,202|07/02/2020 07:17:53
Isaiah Booth|ligula@est.edu|(625) 114-3248|Canberra|5,614|25/04/2020 03:55:15
Bevis Reyes|risus.Donec@tortordictum.net|(955) 912-3452|Konya|9,729|21/10/2021 10:16:39
Dante Rodriquez|mauris@Vestibulumaccumsanneque.org|(188) 768-7539|Karimnagar|8,674|30/09/2020 02:39:19
Dane Beard|mauris.sit@Aenean.ca|(678) 666-7285|Knoxville|6,173|23/12/2020 05:43:19
Quinlan Whitley|scelerisque.dui.Suspendisse@facilisiSed.ca|(984) 289-1906|Newcastle-upon-Tyne|7,451|05/05/2020 11:50:24
Kennedy Powers|Quisque.imperdiet@natoque.net|(219) 331-5798|Kempten|7,482|02/09/2021 07:07:00
Carson Trevino|tincidunt@nec.co.uk|(279) 644-5513|Jamshedpur|9,692|02/05/2021 06:09:05
Hunter Crawford|Phasellus.dapibus@magnisdisparturient.edu|(531) 920-5841|Sioux City|9,419|25/12/2019 08:34:56
Basil Ray|ornare.libero.at@Donecconsectetuermauris.co.uk|(983) 580-4709|Treppo Carnico|7,792|09/09/2020 09:40:08
Kennedy Larson|posuere.cubilia@Sedmalesuadaaugue.org|(333) 438-3667|Shreveport|5,398|25/09/2021 06:37:07
Aristotle Wynn|mollis@tristique.ca|(427) 930-2686|Valladolid|7,866|11/04/2021 12:35:33
Gareth Cote|vulputate.posuere.vulputate@risusNunc.net|(815) 734-1424|Bangalore|5,903|08/04/2020 02:18:08
Jason Vaughan|egestas.blandit.Nam@dictum.ca|(691) 848-9648|Carstairs|5,178|05/06/2021 10:08:14
Jesse Zimmerman|ligula@nullaat.org|(736) 553-9494|Adria|9,845|28/01/2021 03:08:58
Armando Rosario|lacus@elitAliquamauctor.edu|(495) 962-4393|La Cisterna|6,257|04/12/2020 07:04:41
Joshua Bright|urna.nec.luctus@Morbiaccumsanlaoreet.net|(502) 775-4376|Arbroath|5,146|03/01/2020 01:45:42
Ivor Shepherd|facilisi.Sed.neque@feugiattellus.edu|(892) 235-9421|Loreto|5,583|22/06/2021 08:32:41
Phelan Stone|eleifend.nec@euneque.edu|(119) 920-6767|Vologda|8,014|31/10/2020 10:07:10
Camden Walters|Proin@idnunc.edu|(577) 991-6165|Khanewal|6,750|22/08/2020 06:21:23
Rahim Oneill|Duis.dignissim@vitaerisusDuis.com|(884) 990-5207|Houtvenne|5,899|09/03/2021 08:54:01
Neville Wolfe|facilisis@veliteu.org|(760) 508-0076|Emmen|7,828|25/02/2021 10:27:45
Walter Benjamin|orci.Donec.nibh@nuncIn.ca|(749) 861-7185|Trollhättan|8,197|21/12/2019 01:34:59
Preston Booker|risus@lobortis.com|(445) 557-2136|Poggio San Marcello|6,645|27/06/2020 01:23:36
Gary Nelson|ac@Nullasemper.org|(149) 459-0755|Kent|8,336|14/12/2021 06:38:26
Noble Mendoza|nibh.vulputate.mauris@PhasellusnullaInteger.net|(836) 337-0527|Wörgl|8,687|09/02/2020 10:18:12
Wylie Murphy|volutpat.ornare@idante.com|(640) 347-1838|Ghanche|9,483|05/08/2021 09:44:04
Octavius Hamilton|sem.vitae@FuscefeugiatLorem.org|(880) 449-9294|Forbach|8,638|12/08/2021 09:24:31
Keefe Fox|mauris.Suspendisse@posuerecubilia.org|(803) 152-7155|La Baie|7,840|22/04/2020 12:04:05
Amal Dalton|lectus@auctorvelit.com|(154) 205-1355|Carterton|7,246|22/06/2020 08:30:24
Cullen Dillard|volutpat.nunc@Curabitur.org|(369) 268-3483|Herenthout|6,168|21/12/2021 10:46:36
Finn Ward|nunc.Quisque.ornare@magnis.com|(835) 275-6198|Nederokkerzeel|8,873|06/12/2021 02:02:44
Lionel Hickman|arcu@Aeneanegetmagna.com|(777) 330-9429|Münster|7,828|03/04/2021 11:44:03
Colton Alexander|senectus@nequesed.co.uk|(703) 995-4369|Beaumont|5,516|04/03/2020 12:21:28
Barry Savage|egestas@velturpis.ca|(916) 882-7127|Wandlitz|7,493|13/02/2020 03:38:16
Harding Lynn|sem@lectus.ca|(696) 401-9116|Bingen|6,667|21/05/2021 01:24:56
Kane Stephenson|nec.tellus@tristiqueac.net|(614) 769-5213|Saint-Marcel|6,611|08/07/2020 05:40:03
Burke Osborn|eget.ipsum@nec.edu|(447) 729-8648|Giove|6,196|24/06/2020 01:14:59
Beau Coleman|ligula.consectetuer.rhoncus@eu.net|(402) 819-9858|Gimpo|9,811|30/07/2021 04:02:21
Malik Ferguson|nunc.In@eget.net|(756) 168-3177|Borghetto di Vara|6,037|11/03/2021 02:17:25
Eagan Talley|mauris.sapien.cursus@rutrumnon.edu|(841) 402-3707|Sundrie|5,299|22/07/2020 12:52:47
Keith Merrill|vitae.diam.Proin@aclibero.edu|(613) 121-6928|Filignano|8,088|08/09/2021 09:01:11
Alfonso Murray|diam.Proin@Nullasempertellus.org|(873) 245-4340|Polcenigo|9,411|19/10/2020 07:05:24
Yasir Mitchell|velit@maurissagittisplacerat.ca|(342) 275-1853|Villa Alemana|8,106|24/09/2021 06:18:38
Cameron Whitaker|Phasellus.elit@in.ca|(466) 612-5885|Salisbury|5,728|10/04/2020 10:23:18
Patrick Hooper|bibendum@lectusantedictum.org|(714) 414-4300|Abbotsford|9,606|09/08/2020 02:43:19
Malachi Barron|mi.Aliquam.gravida@aauctor.co.uk|(516) 900-8192|Habay-la-Neuve|9,016|25/01/2020 12:22:53
Steel Robbins|non.egestas@semperet.ca|(185) 393-7201|Chestermere|9,397|06/01/2021 10:31:59
Ryder Reynolds|Quisque@condimentumegetvolutpat.com|(115) 947-4990|Sogamoso|7,744|27/12/2020 01:39:06
Tad Fulton|purus@nullaIn.net|(986) 402-6259|Westerlo|9,530|04/10/2021 05:12:16
Acton Galloway|lorem.lorem.luctus@metusInlorem.ca|(156) 483-5340|Caplan|8,071|15/09/2020 07:16:37
